{
    "__categories": [
        {
            "expanded": true,
            "id": "mono",
            "visible": true
        }
    ],
    "__groups": [
    ],
    "bitsPerPixel": {
        "enabled": false,
        "type": "integer",
        "value": 1,
        "visible": true
    },
    "offColor": {
        "enabled": true,
        "image": "{48d3ba9c-7ff4-4eab-9962-6aa5928f1e1e}",
        "type": "imagecolor",
        "value": 0,
        "visible": true
    },
    "outputSize": {
        "enabled": false,
        "type": "integer",
        "value": 50,
        "visible": true
    }
}
