{
    "__categories": [
        {
            "expanded": true,
            "id": "mono",
            "visible": true
        }
    ],
    "__groups": [
    ],
    "bitsPerPixel": {
        "enabled": false,
        "type": "integer",
        "value": 1,
        "visible": true
    },
    "offColor": {
        "enabled": true,
        "image": "{1efa50c3-6551-423c-9d7f-2e7de149c98d}",
        "type": "imagecolor",
        "value": 0,
        "visible": true
    },
    "outputSize": {
        "enabled": false,
        "type": "integer",
        "value": 50,
        "visible": true
    }
}
