{
    "bindings": [
        {
            "font": "{3ae5f4c5-4884-4b59-9442-56f14c1a60b0}",
            "language": "{1c92a89d-6b33-4265-8279-dcf1f76c0b9f}",
            "string": "{a0a053fa-7092-49da-a3e8-9d2c41b05907}"
        },
        {
            "font": "{3c5ed426-33ff-4136-bde0-62406d3d9a2b}",
            "language": "{1c92a89d-6b33-4265-8279-dcf1f76c0b9f}",
            "string": "{03751f70-db0d-463e-8396-16afd94dc58e}"
        },
        {
            "font": "{3c5ed426-33ff-4136-bde0-62406d3d9a2b}",
            "language": "{1c92a89d-6b33-4265-8279-dcf1f76c0b9f}",
            "string": "{7056876c-a9fd-4f5d-ada0-7d14d1cf8655}"
        },
        {
            "font": "{3c5ed426-33ff-4136-bde0-62406d3d9a2b}",
            "language": "{1c92a89d-6b33-4265-8279-dcf1f76c0b9f}",
            "string": "{866cb05d-a5f5-4f61-8a59-bc94b4fc7bb1}"
        },
        {
            "font": "{3c5ed426-33ff-4136-bde0-62406d3d9a2b}",
            "language": "{1c92a89d-6b33-4265-8279-dcf1f76c0b9f}",
            "string": "{fbb7a082-b6f3-4bbe-8a63-a23cdab17d04}"
        },
        {
            "font": "{5ef915c2-b745-42b0-8306-0158ec798511}",
            "language": "{1c92a89d-6b33-4265-8279-dcf1f76c0b9f}",
            "string": "{55253634-75cc-413e-b70b-b3fcb40f2294}"
        },
        {
            "font": "{def872d9-b9ee-4df2-80ba-93f9603303c4}",
            "language": "{1c92a89d-6b33-4265-8279-dcf1f76c0b9f}",
            "string": "{07922f13-20b0-470a-8227-be7c70d7edeb}"
        },
        {
            "font": "{def872d9-b9ee-4df2-80ba-93f9603303c4}",
            "language": "{1c92a89d-6b33-4265-8279-dcf1f76c0b9f}",
            "string": "{644dbb57-7125-469b-9adc-55d3f056f6d1}"
        }
    ],
    "defaultLanguage": "{1c92a89d-6b33-4265-8279-dcf1f76c0b9f}",
    "encoding": "ASCII",
    "languages": [
        {
            "properties": {
                "__categories": [
                ],
                "__groups": [
                ],
                "enabled": {
                    "enabled": true,
                    "type": "boolean",
                    "value": true,
                    "visible": true
                },
                "id": {
                    "enabled": true,
                    "type": "uuid",
                    "value": "{1c92a89d-6b33-4265-8279-dcf1f76c0b9f}",
                    "visible": true
                },
                "name": {
                    "enabled": true,
                    "type": "text",
                    "value": "Default",
                    "visible": true
                }
            }
        }
    ],
    "paths": [
    ],
    "strings": [
        {
            "properties": {
                "__categories": [
                ],
                "__groups": [
                ],
                "description": {
                    "enabled": true,
                    "type": "text",
                    "value": "",
                    "visible": true
                },
                "id": {
                    "enabled": true,
                    "type": "uuid",
                    "value": "{03751f70-db0d-463e-8396-16afd94dc58e}",
                    "visible": true
                },
                "name": {
                    "enabled": true,
                    "type": "text",
                    "value": "PMLabel",
                    "visible": true
                },
                "path": {
                    "enabled": true,
                    "type": "text",
                    "value": "/",
                    "visible": true
                }
            },
            "values": [
                {
                    "language": "{1c92a89d-6b33-4265-8279-dcf1f76c0b9f}",
                    "value": "PM"
                }
            ]
        },
        {
            "properties": {
                "__categories": [
                ],
                "__groups": [
                ],
                "description": {
                    "enabled": true,
                    "type": "text",
                    "value": "",
                    "visible": true
                },
                "id": {
                    "enabled": true,
                    "type": "uuid",
                    "value": "{07922f13-20b0-470a-8227-be7c70d7edeb}",
                    "visible": true
                },
                "name": {
                    "enabled": true,
                    "type": "text",
                    "value": "TimeDefault",
                    "visible": true
                },
                "path": {
                    "enabled": true,
                    "type": "text",
                    "value": "/",
                    "visible": true
                }
            },
            "values": [
                {
                    "language": "{1c92a89d-6b33-4265-8279-dcf1f76c0b9f}",
                    "value": "00"
                }
            ]
        },
        {
            "properties": {
                "__categories": [
                ],
                "__groups": [
                ],
                "description": {
                    "enabled": true,
                    "type": "text",
                    "value": "",
                    "visible": true
                },
                "id": {
                    "enabled": true,
                    "type": "uuid",
                    "value": "{55253634-75cc-413e-b70b-b3fcb40f2294}",
                    "visible": true
                },
                "name": {
                    "enabled": true,
                    "type": "text",
                    "value": "TempLabel",
                    "visible": true
                },
                "path": {
                    "enabled": true,
                    "type": "text",
                    "value": "/",
                    "visible": true
                }
            },
            "values": [
                {
                    "language": "{1c92a89d-6b33-4265-8279-dcf1f76c0b9f}",
                    "value": "77"
                }
            ]
        },
        {
            "properties": {
                "__categories": [
                ],
                "__groups": [
                ],
                "description": {
                    "enabled": true,
                    "type": "text",
                    "value": "",
                    "visible": true
                },
                "id": {
                    "enabled": true,
                    "type": "uuid",
                    "value": "{644dbb57-7125-469b-9adc-55d3f056f6d1}",
                    "visible": true
                },
                "name": {
                    "enabled": true,
                    "type": "text",
                    "value": "ColonLabel",
                    "visible": true
                },
                "path": {
                    "enabled": true,
                    "type": "text",
                    "value": "/",
                    "visible": true
                }
            },
            "values": [
                {
                    "language": "{1c92a89d-6b33-4265-8279-dcf1f76c0b9f}",
                    "value": ":"
                }
            ]
        },
        {
            "properties": {
                "__categories": [
                ],
                "__groups": [
                ],
                "description": {
                    "enabled": true,
                    "type": "text",
                    "value": "",
                    "visible": true
                },
                "id": {
                    "enabled": true,
                    "type": "uuid",
                    "value": "{7056876c-a9fd-4f5d-ada0-7d14d1cf8655}",
                    "visible": true
                },
                "name": {
                    "enabled": true,
                    "type": "text",
                    "value": "TempUnitC",
                    "visible": true
                },
                "path": {
                    "enabled": true,
                    "type": "text",
                    "value": "/",
                    "visible": true
                }
            },
            "values": [
                {
                    "language": "{1c92a89d-6b33-4265-8279-dcf1f76c0b9f}",
                    "value": "C"
                }
            ]
        },
        {
            "properties": {
                "__categories": [
                ],
                "__groups": [
                ],
                "description": {
                    "enabled": true,
                    "type": "text",
                    "value": "",
                    "visible": true
                },
                "id": {
                    "enabled": true,
                    "type": "uuid",
                    "value": "{866cb05d-a5f5-4f61-8a59-bc94b4fc7bb1}",
                    "visible": true
                },
                "name": {
                    "enabled": true,
                    "type": "text",
                    "value": "DateLabel",
                    "visible": true
                },
                "path": {
                    "enabled": true,
                    "type": "text",
                    "value": "/",
                    "visible": true
                }
            },
            "values": [
                {
                    "language": "{1c92a89d-6b33-4265-8279-dcf1f76c0b9f}",
                    "value": "Jan 01"
                }
            ]
        },
        {
            "properties": {
                "__categories": [
                ],
                "__groups": [
                ],
                "description": {
                    "enabled": true,
                    "type": "text",
                    "value": "",
                    "visible": true
                },
                "id": {
                    "enabled": true,
                    "type": "uuid",
                    "value": "{a0a053fa-7092-49da-a3e8-9d2c41b05907}",
                    "visible": true
                },
                "name": {
                    "enabled": true,
                    "type": "text",
                    "value": "SongLabel",
                    "visible": true
                },
                "path": {
                    "enabled": true,
                    "type": "text",
                    "value": "/",
                    "visible": true
                }
            },
            "values": [
                {
                    "language": "{1c92a89d-6b33-4265-8279-dcf1f76c0b9f}",
                    "value": "Music 01"
                }
            ]
        },
        {
            "properties": {
                "__categories": [
                ],
                "__groups": [
                ],
                "description": {
                    "enabled": true,
                    "type": "text",
                    "value": "",
                    "visible": true
                },
                "id": {
                    "enabled": true,
                    "type": "uuid",
                    "value": "{fbb7a082-b6f3-4bbe-8a63-a23cdab17d04}",
                    "visible": true
                },
                "name": {
                    "enabled": true,
                    "type": "text",
                    "value": "TempUnitF",
                    "visible": true
                },
                "path": {
                    "enabled": true,
                    "type": "text",
                    "value": "/",
                    "visible": true
                }
            },
            "values": [
                {
                    "language": "{1c92a89d-6b33-4265-8279-dcf1f76c0b9f}",
                    "value": "F"
                }
            ]
        }
    ]
}
